,station_name,Latitude,longitude,from06_to10,from10_to14,from14_to18,from18_to22,from22_to02,from02_to06
0,동대문,37.571283799999996,127.0089811,25024.5,31739.25,35749.25,25071.75,4760.75,3742.75
1,동묘앞,37.5729947,127.015596,15002.25,32641.0,42440.0,13138.75,1677.75,913.5
2,서울역,37.5561456,126.9723241,111150.0,75784.5,102694.25,107911.5,9021.5,3411.25
3,시청,37.5644845,126.97699309999999,72207.0,31866.25,45816.5,58524.25,3514.5,1263.0
4,신설동,37.575833100000004,127.02323529999998,41062.5,30427.25,39380.5,36655.5,3287.5,2640.0
5,제기동,37.5783926,127.03464050000001,37795.5,59428.0,64874.5,28565.0,3250.75,1533.25
6,종각,37.5701834,126.9829019,98177.0,53931.25,78351.0,91172.0,4403.0,1423.0
7,종로3가,37.5704309,126.99222490000001,40948.75,63575.0,73909.5,52871.5,3209.0,1368.0
8,종로5가,37.5709758,127.0019179,52770.25,56900.75,71819.0,46708.75,2526.75,1178.5
9,청량리,37.58206119,127.04882930000001,47098.0,60267.25,75125.0,42182.5,4167.25,3560.75
10,강남,37.4976977,127.0276828,199190.5,143178.5,201296.75,227615.75,16739.5,3949.75
11,강변,37.5351109,127.0947415,80108.5,61795.25,79613.0,86650.75,8398.0,2194.5
12,건대입구,37.5403626,127.06938400000001,79245.75,61266.75,91684.75,109987.5,12187.5,3464.0
13,교대,37.4936592,127.0137025,98196.0,69949.75,91688.0,91145.0,7004.25,2134.25
14,구로디지털단지,37.48417755,126.89575890000002,210495.5,90133.0,129453.0,190311.5,18886.75,10258.5
15,구의,37.537167600000004,127.08622140000001,74418.75,40760.0,56344.0,71919.5,9042.5,3242.5
16,낙성대,37.4770291,126.96354450000001,81797.75,49370.75,64796.5,83991.25,11602.75,3092.75
17,당산,37.533902000000005,126.9019236,63925.0,32256.5,45102.75,62339.5,6421.0,2021.75
18,대림,37.4924623,126.89554170000001,80978.5,49872.75,66996.75,71012.0,9143.75,8506.0
19,도림천,37.5144539,126.88268400000001,4821.0,2984.0,3744.25,3471.75,321.0,136.75
20,동대문역사문화공원,37.5652615,127.0081233,28103.5,28214.25,35938.75,33845.0,4091.75,2016.0
21,뚝섬,37.5472239,127.04743529999999,70301.25,31209.0,44568.75,62716.5,4497.0,1292.5
22,문래,37.518383899999996,126.8948726,73860.0,31514.75,45834.25,63795.5,4672.5,1222.5
23,방배,37.4814662,126.9977072,51476.75,30028.0,42093.0,46358.25,4280.25,1323.0
24,봉천,37.4823889,126.94193870000001,76625.25,43809.0,56882.75,70271.75,8764.75,3937.25
25,사당,37.476582799999996,126.9816682,91632.25,65736.5,95623.75,119261.25,13457.0,3498.75
26,삼성,37.5088402,127.063143,152410.0,82025.75,120130.75,143852.0,7802.25,2176.25
27,상왕십리,37.564391,127.0292513,43637.25,25313.75,32877.5,39616.25,4233.0,1380.0
28,서울대입구,37.481223,126.95271509999998,130214.5,85780.75,114785.75,143619.5,19666.0,7962.5
29,서초,37.4917747,127.007681,70575.0,38194.0,52092.25,51796.5,3716.5,1347.5
30,선릉,37.50468970000001,127.0488403,155547.75,91650.75,134581.0,146022.0,9845.0,2188.0
31,성수,37.54456879999999,127.05610159999998,127156.25,47043.0,70219.0,106066.25,6941.0,1834.25
32,신답,37.5697124,127.0471403,5437.0,2504.5,3784.75,5693.75,523.0,212.75
33,신당,37.5653839,127.01625200000001,39501.0,30279.75,41079.5,39384.75,4201.75,1630.75
34,신대방,37.4875949,126.9133919,87763.25,44781.25,61660.5,82601.25,11246.0,6044.75
35,신도림,37.508939700000006,126.8912262,133153.75,91835.75,121546.25,149017.5,15671.75,9871.5
36,신림,37.4842316,126.9296803,199834.5,108067.5,148395.5,206184.5,27912.75,9587.0
37,신정네거리,37.5199571,126.853002,32366.75,17401.25,24163.0,29704.5,3251.75,1986.5
38,신촌,37.5551517,126.93690840000001,67887.0,73527.5,92259.5,90544.0,10044.75,1626.5
39,아현,37.5574309,126.9561209,29533.25,20067.75,26783.5,26978.75,3057.5,1323.0
40,양천구청,37.512295,126.865945,22069.5,11396.75,15360.25,20299.75,2467.5,1193.5
41,역삼,37.5016571,127.0363524,170259.25,79932.25,119676.0,138268.25,9929.5,2494.5
42,영등포구청,37.5253085,126.8965943,77082.0,41203.25,55232.0,68724.75,5754.25,1848.25
43,왕십리,37.560992399999996,127.0357093,34428.0,27146.25,37749.25,41521.75,5004.75,1765.75
44,용답,37.562090000000005,127.05086090000002,7528.0,5179.0,7399.5,7328.75,1095.5,626.5
45,용두,37.5740737,127.03806570000002,6670.75,5551.25,7477.25,6331.5,519.75,284.25
46,을지로3가,37.566336299999996,126.99253049999999,68160.25,30289.75,46032.25,56292.75,3322.75,532.0
47,을지로4가,37.56573,126.99734,40426.0,27779.0,38116.0,31940.5,1776.75,529.0
48,을지로입구,37.5659494,126.98261709999998,127781.25,62148.5,92341.25,117370.75,5438.5,850.0
49,이대,37.5643371,126.9468925,30447.25,26825.75,34608.5,31159.0,4153.0,895.0
50,잠실,37.5131651,127.1001729,165988.25,115897.5,166238.0,198309.5,17497.0,3428.0
51,잠실나루,37.520691,127.1038301,43312.5,29325.0,34251.0,32321.5,3261.75,898.5
52,잠실새내,37.5115881,127.085571,51605.75,39811.0,53205.25,58304.25,6159.5,1060.0
53,종합운동장,37.511074799999996,127.07370759999999,20828.25,12448.0,17275.25,18430.75,2097.25,579.0
54,충정로,37.562372499999995,126.9657722,35277.5,17945.5,23430.25,28939.5,2345.5,884.0
55,한양대,37.5557271,127.0436642,20681.25,17602.75,21227.25,16820.75,2481.0,254.5
56,합정,37.549355799999994,126.9136561,75226.5,52925.25,72985.5,96074.25,10104.25,2206.5
57,홍대입구,37.5582622,126.9256952,90723.75,92370.25,135257.25,149494.25,15716.5,2914.25
58,가락시장,37.493208200000005,127.11818999999998,24984.25,19463.5,25496.75,23604.25,2191.75,669.0
59,경복궁,37.57975395,126.97668090000002,53250.75,30707.25,43224.25,48391.5,3287.0,835.0
60,경찰병원,37.495401,127.1239038,26276.0,14533.75,17025.5,19859.5,1872.5,593.0
61,고속터미널,37.5050827,127.0049777,67778.0,100342.75,137230.0,120965.0,8512.0,1708.25
62,구파발,37.6368919,126.91880459999999,65207.25,38761.5,48777.75,54023.0,6514.25,2342.0
63,금호,37.5479735,127.0159247,23777.25,15763.75,20218.5,22710.75,2278.25,1188.5
64,남부터미널,37.484943,127.0163445,87116.0,54059.75,76640.75,81346.0,5825.0,845.0
65,녹번,37.60097329999999,126.93573070000001,50686.5,24117.75,30876.5,42928.0,4862.5,2198.75
66,대청,37.4936283,127.0795515,28595.0,17690.0,24166.0,24541.75,2707.5,959.0
67,대치,37.49447429999999,127.0631933,27238.75,20445.25,27177.0,27670.0,3110.5,713.5
68,도곡,37.490635,127.05547299999999,17126.0,9935.5,13542.5,13485.0,1237.25,312.0
69,독립문,37.5745584,126.95783610000001,21903.75,17486.75,19408.25,16192.0,1844.0,1216.75
70,동대입구,37.5590607,127.00572700000001,24849.25,15116.5,22292.5,18566.25,2042.25,558.25
71,매봉,37.4870692,127.046978,40913.0,18037.75,27621.75,35566.75,2447.75,418.5
72,무악재,37.5823172,126.9503501,12422.5,7278.25,9305.5,11651.0,1365.75,445.25
73,불광,37.61065468,126.9298477,50229.0,37383.75,47041.0,47520.5,5180.0,2158.0
74,수서,37.485099,127.1046888,46474.25,32249.25,41670.75,44305.25,5102.5,1459.75
75,신사,37.5162341,127.01973079999999,75839.5,61155.75,81753.0,93522.25,5536.75,803.25
76,안국,37.57629,126.98546,56642.0,30461.25,46557.5,43149.5,2292.0,664.25
77,압구정,37.5261847,127.0284989,90772.25,68322.0,85607.0,95516.0,5419.0,1049.0
78,약수,37.5549186,127.0103868,35749.5,25973.5,33611.5,36306.0,3824.5,1546.5
79,양재,37.483815500000006,127.03468810000001,131936.0,60323.5,90160.0,117862.75,8047.0,1633.75
80,연신내,37.6186289,126.9205315,112305.75,73424.25,93064.0,108917.75,13785.5,6014.5
81,오금,37.5019815,127.12815249999998,20932.5,9773.25,12578.25,16365.75,2046.0,767.75
82,옥수,37.540264,127.01835849999999,23917.75,17945.75,24719.5,26497.0,2772.0,852.25
83,일원,37.4836919,127.08437659999998,29077.5,21865.5,26876.0,17393.0,1983.75,767.25
84,잠원,37.5127513,127.01115039999999,13888.0,9504.25,11745.5,11742.25,1067.5,297.5
85,지축,37.6481315,126.9139418,10845.25,5784.5,7628.0,9180.0,1110.25,400.5
86,충무로,37.5611827,126.9941283,0.25,0.0,0.75,2.5,0.25,0.0
87,학여울,37.4964975,127.0698841,5488.5,2981.0,4298.25,4589.5,440.5,156.5
88,홍제,37.5886894,126.94425279999999,52603.75,34679.75,44683.75,47301.5,5013.0,2333.75
89,길음,37.6031599,127.0248525,63683.5,35657.5,47024.5,58017.0,6882.5,2508.75
90,남태령,37.4663919,126.98778840000001,3492.0,2038.0,2948.5,2191.0,237.25,130.0
91,노원,37.65635785,127.063451,51037.5,39534.0,52728.75,61356.5,7177.75,2503.75
92,당고개,37.670097999999996,127.07892450000001,40148.75,24832.0,29859.75,33634.75,4600.0,1818.75
93,동작,37.5029705,126.97820300000001,6590.75,5428.25,7868.25,5855.25,604.25,137.25
94,명동,37.5608977,126.98637620000001,48938.0,34393.75,50057.0,51196.0,2360.5,323.0
95,미아,37.6264941,127.0261091,47319.75,31456.0,39082.25,42223.75,5089.25,2652.75
96,미아사거리,37.613184999999994,127.0300915,82589.75,56018.0,74015.0,85612.75,8394.75,3638.0
97,삼각지,37.535478000000005,126.9738885,14558.75,7895.25,11641.25,14026.0,1033.75,190.75
98,상계,37.66071655,127.0733815,62777.0,35610.0,42756.75,54481.5,7673.0,2947.5
99,성신여대입구,37.5926755,127.0164764,48090.0,39051.75,52394.75,57977.25,7319.5,1571.75
100,수유,37.637993200000004,127.0257229,104851.25,66349.25,88526.5,106584.0,13239.25,5083.75
101,숙대입구,37.5451398,126.9720063,35462.5,23598.0,32244.75,35469.25,3419.5,796.75
102,신용산,37.5291744,126.96785690000002,44213.0,25392.5,37345.25,44285.75,2724.75,452.25
103,쌍문,37.6484028,127.03457879999999,98606.75,52492.0,65705.25,87121.5,11514.75,5306.25
104,이촌,37.52243970000001,126.9733635,21595.5,13370.75,19076.5,18327.5,1468.75,397.75
105,창동,37.65258370000001,127.0480717,75944.25,54433.25,71977.25,77130.25,9256.5,4591.5
106,총신대입구,37.487026,126.98220459999999,53683.5,39655.75,55237.0,55925.75,4997.0,1624.25
107,한성대입구,37.5884217,127.00618610000001,37028.25,27606.25,36216.75,35872.25,4830.75,1744.75
108,혜화,37.5821381,127.00195249999999,70086.0,64289.75,84169.0,74426.25,9037.75,1250.75
109,회현,37.5586981,126.97841670000001,65735.75,55937.75,69968.75,53299.25,2291.25,543.0
110,강동,37.5357969,127.13259550000001,65277.0,33569.5,44982.25,53257.0,6928.5,2857.5
111,개롱,37.4980749,127.1348432,20341.5,11643.0,15681.25,17667.75,2225.75,1003.5
112,개화산,37.5728758,126.8082601,16729.75,10008.75,12679.0,14093.0,1802.25,928.0
113,거여,37.4933453,127.1437709,26926.25,13390.75,19469.0,20364.75,2594.5,1099.25
114,고덕,37.5549771,127.1537755,26053.5,17587.0,22226.5,22221.25,2690.75,1048.0
115,공덕,37.543653799999994,126.9508061,47645.25,21724.25,31193.5,43290.25,2910.25,576.25
116,광나루,37.5453014,127.103527,39922.75,24962.5,30823.75,32865.5,3696.5,1398.0
117,광화문,37.5716162,126.97690259999999,103756.75,43640.25,64385.5,88192.0,4207.5,346.25
118,군자,37.5572448,127.07955749999999,34742.75,18976.0,27493.5,37241.25,4969.5,1838.0
119,굽은다리,37.5456375,127.1429622,29374.75,17276.25,22278.5,26978.75,3208.75,1554.75
120,길동,37.538368299999995,127.14020490000001,23589.5,16629.25,21954.25,22636.75,2435.25,1195.5
121,김포공항,37.561924700000006,126.80139340000001,14260.0,16516.0,24018.0,20664.5,2075.0,436.25
122,까치산,37.5320943,126.84649820000001,95235.25,49565.25,65838.75,89697.25,11239.0,5613.5
123,답십리,37.5668136,127.0526992,54725.0,25942.5,35742.0,45888.5,5053.5,2188.75
124,둔촌동,37.5278024,127.13624329999999,25783.5,15796.5,22789.5,23463.25,2357.25,1036.25
125,마곡,37.5602492,126.8247463,29557.0,15783.0,22131.75,24406.25,2469.5,773.75
126,마장,37.5660982,127.04288100000001,17900.75,11110.75,13978.5,14568.0,1699.5,675.25
127,마천,37.494953100000004,127.15272409999999,20222.5,11787.5,15010.75,15867.25,2099.75,1383.5
128,마포,37.5396369,126.94599290000001,46969.25,22856.25,31872.0,42306.5,3142.5,831.5
129,명일,37.55153964,127.1439496,25743.75,15943.75,20156.5,24724.75,2624.75,1124.0
130,목동,37.526124100000004,126.86451740000001,52770.5,30705.5,42082.5,55794.0,5880.5,1925.75
131,미사,37.56347047,127.1926295,43688.75,19511.25,27285.5,44148.75,6422.75,1148.75
132,발산,37.5584951,126.83746529999999,55564.5,33371.5,47848.25,51425.0,4012.75,1217.0
133,방이,37.5086429,127.1260388,21040.0,12465.25,17136.75,19772.25,2235.0,669.0
134,방화,37.5774043,126.81273200000001,21446.5,12965.5,15973.5,17617.0,2246.25,1052.75
135,상일동,37.556793,127.16694380000001,54211.25,23804.5,31905.75,43252.25,5515.0,1969.25
136,서대문,37.5657953,126.9666351,68965.5,27518.0,39356.25,49259.75,3371.75,876.5
137,송정,37.56129665,126.8113886,19797.5,13697.75,17498.75,17796.75,2271.75,1031.25
138,신금호,37.554429,127.02024850000001,19740.0,11594.25,15351.25,18042.75,1977.75,688.5
139,신길,37.5164582,126.9196723,14697.75,5467.0,8465.25,14127.25,1571.0,411.25
140,신정,37.52504129999999,126.8559699,50781.75,20074.5,26166.75,35244.75,4494.5,2780.75
141,아차산,37.5516981,127.08979550000001,42616.75,30478.75,38519.75,40653.5,4869.5,2129.5
142,애오개,37.553428000000004,126.9566976,22316.25,11437.0,15508.5,18655.25,1816.75,573.75
143,양평,37.5256329,126.88611759999999,28415.5,10427.5,15391.5,23526.0,2007.5,522.25
144,여의나루,37.5268526,126.9325288,27570.5,7807.0,18316.0,18612.75,1433.0,490.0
145,여의도,37.5216685,126.9243018,100293.5,30495.0,58839.5,72405.75,3339.25,980.25
146,영등포시장,37.5226934,126.9051415,29357.25,18618.25,25063.25,27123.5,2392.75,761.5
147,오목교,37.5245648,126.8751222,64474.5,43042.25,57788.0,70910.25,5532.25,1227.0
148,올림픽공원,37.51889315,127.12010490000002,11830.25,7895.25,10244.75,8938.5,983.5,349.0
149,우장산,37.54889429999999,126.8363227,42207.0,27650.75,34170.25,37501.75,4237.0,1469.25
150,장한평,37.561490899999995,127.06456659999999,64431.0,29178.75,41676.75,55378.75,5206.25,1594.5
151,천호,37.5385225,127.12340209999999,40926.75,40008.0,56642.25,57068.75,5403.25,1836.25
152,청구,37.560231099999996,127.01377759999998,11449.0,7241.25,9699.0,12084.25,1346.75,401.5
153,하남풍산,37.552642299999995,127.2041813,16664.75,8083.25,11156.0,15232.0,1651.25,431.0
154,행당,37.557606299999996,127.0299929,26514.25,13916.25,17768.25,21768.0,2351.75,989.75
155,화곡,37.54167279999999,126.840397,93627.75,47065.5,63182.75,84178.25,10259.25,5168.75
156,고려대,37.590141100000004,127.0362318,23325.25,13156.25,19079.75,21667.0,2981.75,872.0
157,광흥창,37.5474717,126.93196090000002,27258.25,14968.75,20163.75,24056.0,2408.25,867.0
158,구산,37.611186700000005,126.91735890000001,22868.25,13167.0,15873.75,16324.0,2079.0,1079.75
159,녹사평,37.534909899999995,126.9865733,11643.0,8459.5,12205.0,13467.25,1565.0,286.75
160,대흥,37.547699200000004,126.94234509999998,23009.0,15848.25,20150.5,21027.25,2766.5,621.0
161,독바위,37.6183872,126.9331625,9817.0,5698.0,6645.75,8832.25,1327.5,413.5
162,돌곶이,37.610566299999995,127.0564932,27628.25,16109.25,20150.5,23481.5,3166.0,1479.0
163,디지털미디어시티,37.5778969,126.9003014,54632.5,19662.25,29842.5,42063.75,4100.25,1879.0
164,마포구청,37.5635586,126.9033645,43217.0,24882.5,31873.0,39301.25,4906.5,1806.0
165,망원,37.556025399999996,126.9101277,35629.25,30857.75,41120.0,41173.5,5125.75,1298.5
166,버티고개,37.5479693,127.00693259999998,6496.5,4279.5,5784.5,6351.25,752.75,193.75
167,보문,37.58547,127.01941000000001,23238.25,12617.75,16746.0,20204.5,3003.25,976.0
168,봉화산,37.6174165,127.09109679999999,31448.25,14595.75,18632.0,24433.25,3188.25,1311.0
169,상수,37.547757700000005,126.9228923,17088.0,16066.75,21671.75,24598.75,2747.0,335.75
170,상월곡,37.606237899999996,127.04827220000001,20662.75,11102.0,13714.0,16256.75,2310.25,1186.0
171,새절,37.5926362,126.91399950000002,42670.25,22160.5,29212.25,36651.75,4857.25,2147.75
172,석계,37.6148083,127.0658393,39487.25,23001.0,30281.25,38376.25,4980.25,2325.5
173,신내,37.612638399999994,127.1033159,0.0,0.75,0.0,0.0,0.0,0.0
174,안암,37.5862688,127.0292777,23513.75,20932.25,27114.0,22646.25,3962.5,537.0
175,역촌,37.6060988,126.9227006,13609.0,7264.5,9555.5,12331.25,1609.25,440.0
176,월곡,37.60192,127.0414554,34638.75,20828.5,27599.75,32816.25,3838.25,1517.25
177,월드컵경기장,37.570178000000006,126.89931440000001,10128.25,11482.25,16985.25,10995.0,913.0,440.0
178,응암,37.5984296,126.9155283,56788.0,32061.5,42324.25,55182.25,6803.25,2723.75
179,이태원,37.5345026,126.9943705,20731.25,17821.0,26179.75,26512.5,3194.25,672.25
180,증산,37.584144099999996,126.9099118,32666.25,18464.25,24785.0,30971.0,4226.0,1839.0
181,창신,37.5798042,127.01524679999999,12145.25,5717.75,6999.0,8047.5,1086.5,582.25
182,태릉입구,37.6176924,127.0756723,16286.0,9925.25,13480.5,16936.75,2458.75,1080.25
183,한강진,37.5397964,127.00175060000001,21193.75,12479.25,18475.5,21316.75,1904.0,260.25
184,화랑대,37.619784100000004,127.0837122,38796.0,16119.75,20260.25,26875.0,3624.5,1386.25
185,효창공원앞,37.5393413,126.9613324,21435.75,12883.5,16775.5,18799.25,2025.25,635.0
186,가산디지털단지,37.4805925,126.8831165,180068.75,56048.75,97654.5,146328.25,7789.25,3359.25
187,강남구청,37.5171756,127.0412865,56571.25,29300.25,36859.0,51319.25,3917.5,654.5
188,공릉,37.6256358,127.07304369999999,34646.5,22714.75,29604.25,33669.25,4597.75,1618.25
189,광명사거리,37.479420700000006,126.8544598,73097.5,44143.25,60525.75,66378.5,7425.75,6399.5
190,굴포천,37.5070226,126.73133700000001,28593.5,14627.75,19709.0,29338.75,3843.75,1537.75
191,까치울,37.5062407,126.81138419999999,26136.0,11756.25,16466.25,23006.25,2733.5,1005.5
192,남구로,37.4853612,126.88666509999999,63947.75,24431.75,38309.75,51611.25,4748.0,5047.5
193,남성,37.484354499999995,126.9718936,36718.75,20611.75,26261.25,31862.5,4079.25,1399.75
194,내방,37.4876992,126.99367179999999,49547.75,24579.0,34467.5,42881.25,3641.0,857.75
195,논현,37.511100299999995,127.02146869999999,69563.75,34024.75,46971.75,64656.5,5540.75,794.0
196,도봉산,37.6890432,127.04614479999998,34873.25,19067.5,21482.75,30078.5,4563.25,1171.5
197,뚝섬유원지,37.5312584,127.0666031,22236.5,12743.5,18310.0,20857.25,2704.0,1062.75
198,마들,37.6644977,127.05788290000001,41223.75,22339.75,27177.5,34531.5,5100.25,2393.25
199,먹골,37.6114417,127.0776518,32253.0,19455.0,25213.25,31113.25,3983.5,1774.0
200,면목,37.5884004,127.0876041,52963.25,27827.5,37197.25,47594.5,5840.75,2987.25
201,반포,37.5081748,127.0116346,17656.5,11535.0,15399.0,15644.0,1381.0,283.0
202,보라매,37.4999284,126.9203764,33675.75,16133.0,22331.0,28760.0,2973.5,1601.75
203,부천시청,37.5047696,126.7631949,39003.75,21453.25,29735.25,38674.5,4316.75,1675.75
204,부천종합운동장,37.5054566,126.79728850000001,16380.75,7299.75,9235.25,12261.5,1346.75,927.5
205,부평구청,37.5079346,126.7205642,41898.0,14705.5,19774.25,32443.0,4692.25,2038.25
206,사가정,37.5806996,127.08847050000001,54278.0,32350.5,41531.0,50901.25,5953.0,2974.0
207,삼산체육관,37.506496000000006,126.74234750000001,16075.0,7166.0,9492.5,12889.5,1862.0,615.75
208,상도,37.503215999999995,126.9476726,31968.75,19920.25,26156.0,29626.25,4094.75,1311.5
209,상동,37.505835499999996,126.7531743,36412.0,22226.25,30830.5,38273.0,4949.75,1228.25
210,상봉,37.5970314,127.08565549999999,53889.0,29440.75,40985.5,52267.0,6061.5,2732.25
211,수락산,37.6783117,127.05535459999999,40999.5,25922.25,31471.25,37514.5,5211.0,2099.0
212,숭실대입구,37.4956862,126.9541334,35498.5,22949.0,30075.0,35357.5,4916.5,1391.5
213,신대방삼거리,37.499706,126.92822460000001,55049.5,28965.75,38306.75,50273.75,6060.5,2532.5
214,신중동,37.5030388,126.77623249999999,47176.75,23566.0,31815.25,43838.0,5067.25,1557.75
215,신풍,37.5001667,126.90887509999999,39356.25,19672.75,27222.0,33398.0,4023.25,2597.25
216,어린이대공원,37.54759979999999,127.0743915,35611.75,22441.25,31138.0,33060.5,5061.25,887.0
217,온수,37.492324200000006,126.8238416,39554.25,15131.0,20447.25,30975.0,3952.5,1979.5
218,용마산,37.573974799999995,127.0870382,21565.0,10583.75,13375.5,17802.25,2386.25,1270.0
219,이수,37.4853431,126.9821101,41889.25,28510.0,39941.0,46660.75,4781.0,1355.25
220,장승배기,37.505017200000005,126.93927930000001,31719.5,18802.75,24239.0,28189.25,3386.5,1744.0
221,장암,37.699974100000006,127.05290790000001,8982.0,2496.5,3054.5,2874.25,233.25,330.0
222,중계,37.645537299999994,127.0638733,48719.25,25176.75,29712.0,37716.5,5412.5,2332.75
223,중곡,37.5663055,127.08451550000001,33949.0,18892.5,24204.0,27871.5,3479.0,1328.25
224,중화,37.601626700000004,127.0795172,36976.75,20069.75,26640.75,33617.25,4273.5,2172.25
225,천왕,37.48636679999999,126.8389218,38475.75,17226.25,22831.75,31651.75,3649.75,1868.5
226,철산,37.476001200000006,126.8675973,68717.75,37065.0,51171.25,67298.0,7576.0,3144.25
227,청담,37.518829600000004,127.0503482,78351.75,31607.25,45995.25,58804.25,4206.0,1354.25
228,춘의,37.5037314,126.7872014,40150.25,13043.25,20439.25,30845.25,2822.25,1373.5
229,하계,37.6360179,127.068252,55224.0,32964.25,41355.75,48596.25,6388.0,2075.75
230,학동,37.5139566,127.03075,93712.0,35212.5,50054.0,76536.5,4932.75,1032.0
231,강동구청,37.530694200000006,127.12062340000001,36909.75,18806.25,25022.5,30978.0,3265.5,1241.0
232,남한산성입구,37.451553100000005,127.1598132,47130.75,24322.5,30567.25,36988.0,4676.0,2508.5
233,단대오거리,37.4450845,127.1567783,33989.25,18044.0,24685.25,29860.0,3641.0,2227.75
234,모란,37.4337388,127.1291547,10046.75,9879.0,12749.0,8924.25,1081.25,513.5
235,몽촌토성,37.522740899999995,127.11871140000001,18517.0,10102.0,14523.75,15794.5,1790.0,543.0
236,문정,37.4858358,127.12251840000002,82301.75,29695.25,47816.75,64685.0,4530.0,1071.5
237,복정,37.470875299999996,127.1266959,31711.0,16398.75,23254.25,29066.5,3262.25,1558.0
238,산성,37.45653866,127.1499404,22678.75,13065.5,16713.25,20259.75,2761.5,1302.0
239,석촌,37.505295399999994,127.1071105,22723.75,16545.25,22232.75,23783.75,2622.25,835.25
240,송파,37.49986810000001,127.11206840000001,25216.25,15148.25,19779.25,22567.5,2352.5,666.0
241,수진,37.43770362,127.1409693,16005.0,10725.25,13207.5,13118.0,1830.5,963.25
242,신흥,37.4410027,127.14766409999999,13292.5,9978.0,14158.0,13827.5,1726.5,1025.75
243,암사,37.5501059,127.1275385,64306.0,30743.75,40677.25,53067.5,5931.5,3452.75
244,장지,37.4788881,127.12606699999999,55065.0,31202.0,43424.0,52143.25,5401.0,1581.0
245,가양,37.5610584,126.85507379999999,62229.75,36641.75,47704.25,58414.25,6458.25,3496.0
246,개화,37.562051700000005,126.98190659999999,8483.75,3198.0,4538.75,5947.75,528.0,436.5
247,공항시장,37.5633976,126.81046119999999,7981.5,6432.25,8049.75,8815.0,1354.25,772.0
248,구반포,37.501289899999996,126.98678490000002,6649.0,5872.75,7563.5,7589.0,740.0,153.0
249,국회의사당,37.52816203,126.9177672,56688.0,20720.0,34797.75,42912.75,2576.25,549.75
250,노들,37.51423298,126.95221299999999,12474.25,8023.5,10173.75,11639.75,1477.0,782.5
251,노량진,37.5142554,126.94276289999999,69849.25,43928.0,58592.25,69801.0,8376.0,3714.5
252,등촌,37.5511895,126.86457079999998,33545.5,19940.75,27335.25,31313.75,3595.25,1306.5
253,마곡나루,37.56630870000001,126.82767659999999,31249.0,16290.0,24349.75,33289.5,3598.5,908.75
254,사평,37.5042952,127.0151398,8763.5,5574.5,8113.75,7929.25,693.5,199.5
255,샛강,37.51681088,126.92880430000001,17343.5,8651.75,13361.25,15765.0,1167.25,423.25
256,선유도,37.537880799999996,126.8939797,25470.0,10864.0,16253.75,22170.5,1847.0,563.5
257,신논현,37.5044775,127.02459520000001,73501.75,57666.0,78152.0,92100.0,7726.0,990.25
258,신목동,37.544227,126.8831853,12103.0,5755.0,7776.0,10149.25,1265.25,438.5
259,신반포,37.503601399999994,126.99641799999999,9052.25,5275.25,8476.0,7201.25,677.75,199.25
260,신방화,37.5675245,126.81665559999999,20844.5,12431.0,16076.25,19279.75,2441.5,1126.25
261,양천향교,37.5684614,126.8412443,30554.25,15456.5,21487.0,28464.5,3278.25,1141.25
262,염창,37.5469959,126.8753747,54717.75,26651.25,36145.75,53885.5,6317.5,2502.5
263,증미,37.5569504,126.86280390000002,23792.0,12473.75,17215.75,22473.75,1831.75,641.0
264,흑석,37.5083823,126.9639489,20443.25,17267.0,23035.5,20354.0,2547.0,892.75
265,둔촌오륜,37.519889299999996,127.138351,3753.5,1910.75,2704.25,2229.5,291.5,91.0
266,봉은사,37.5151321,127.05679440000002,44897.0,26031.0,38367.25,44530.25,2735.75,534.25
267,삼성중앙,37.5130955,127.0534747,21734.75,10360.25,15336.25,19972.25,1476.5,241.0
268,삼전,37.5045347,127.0872078,19518.75,11392.75,15305.5,20401.5,2709.0,850.75
269,석촌고분,37.5024441,127.0966143,17462.5,10089.0,13419.0,18046.25,2200.0,510.0
270,선정릉,37.5107312,127.0436945,30252.0,15797.25,20907.0,28273.25,2499.0,387.5
271,송파나루,37.511245,127.11279540000001,12876.5,8238.75,11222.5,14195.0,1618.75,440.25
272,언주,37.507321000000005,127.0338746,30229.0,18033.25,24742.25,28017.0,2480.0,460.25
273,중앙보훈병원,37.52970065,127.1477297,30177.75,19622.5,21267.25,19230.0,2316.0,585.25
274,한성백제,37.5167383,127.11624199999999,6684.5,4196.5,5774.0,6120.25,737.0,162.25
275,경기광주,37.3989287,127.2532479,23380.75,10552.25,14255.5,20664.25,1769.0,553.0
276,곤지암,37.349678600000004,127.3387125,6656.0,3624.0,5571.0,5640.25,604.5,149.5
277,부발,37.26065909,127.4903676,5140.75,3222.75,4999.25,5091.5,950.75,161.5
278,삼동,37.40920168,127.20348429999999,8338.0,3146.75,4676.0,6566.0,574.25,223.25
279,세종대왕릉,37.2936234,127.57064709999999,754.0,565.0,788.75,546.5,67.0,33.0
280,신둔도예촌,37.315548299999996,127.405293,3667.5,1962.0,2833.75,3101.5,359.5,136.5
281,여주,37.2828814,127.62860549999999,4188.75,3958.75,5190.5,4360.25,812.25,182.75
282,이매,37.39464,127.1284003,3300.25,1584.0,2183.75,2451.25,278.0,133.0
283,이천,37.264639200000005,127.4401238,6807.5,5035.5,6479.25,6780.0,906.75,129.5
284,초월,37.373549,127.2994545,10194.25,4402.25,6167.75,8916.0,1185.25,293.0
285,판교,37.3947237,127.11153119999999,14401.5,6273.25,9525.25,13801.5,781.75,136.0
286,관악,37.41958220000001,126.90628729999999,24465.25,12646.5,16328.0,20491.75,2471.75,2048.0
287,광명,37.41638,126.88469779999998,9220.5,4031.5,6796.5,9044.25,968.75,423.25
288,구로,37.5034468,126.8825086,62130.0,33619.0,49404.25,53553.5,6393.75,8855.5
289,군포,37.3534271,126.9460497,32942.5,9862.75,16150.75,23965.25,2462.0,1600.25
290,금정,37.3723075,126.94339699999999,91123.5,39765.5,59620.25,81956.5,9991.25,6380.5
291,금천구청,37.454686200000005,126.8945614,40501.5,19526.0,26733.0,34754.0,3655.25,2814.5
292,남영,37.540538,126.9713213,31157.5,16264.5,23224.0,28284.25,2579.5,736.0
293,당정,37.339556099999996,126.9187493,21042.5,9345.25,12791.75,18117.25,2346.5,882.25
294,대방,37.51335770000001,126.9264784,45173.75,20531.5,30104.5,38057.0,3581.25,1812.75
295,독산,37.465994200000004,126.8873196,67800.25,23279.25,37119.75,53789.0,4507.5,2272.5
296,두정,36.8336521,127.1489375,12962.25,10671.75,14404.5,14650.25,3074.5,1158.0
297,명학,37.3843939,126.93560890000002,37177.0,12339.75,19151.75,26838.0,2722.25,1974.25
298,병점,37.206834,127.0331291,38539.75,22466.25,33608.0,39953.75,6017.75,2727.75
299,서동탄,37.1956553,127.05203259999999,5268.75,1865.5,2859.25,3789.5,695.0,260.25
300,서정리,37.057007299999995,127.0511053,15894.75,12056.5,19016.0,17706.75,2506.5,2351.25
301,석수,37.4351652,126.90004429999999,34310.5,16177.75,21329.0,28564.25,3154.75,2402.75
302,성균관대,37.3003482,126.9686713,43662.75,22478.75,30851.75,43461.25,5923.0,2152.75
303,성환,36.917070700000004,127.1266679,9555.5,7945.5,11412.5,8497.25,1500.0,442.5
304,세류,37.244114700000004,127.0137222,10133.5,4686.0,6736.0,8886.0,1261.0,919.5
305,세마,37.1866411,127.04384409999999,8190.75,4200.25,5496.0,7068.5,971.75,552.25
306,송탄,37.07553729999999,127.0521883,11490.0,8536.5,11294.25,12321.75,2293.5,1671.0
307,수원,37.2656542,126.999996,78862.25,72015.75,99672.75,106299.25,12942.25,5330.0
308,안양,37.4026888,126.91986090000002,64425.5,43616.5,56839.25,65061.75,7674.5,4029.75
309,영등포,37.515799200000004,126.90835700000001,89398.25,82355.0,116261.0,124356.0,10060.0,5673.25
310,오산,37.1459918,127.0649055,27665.25,19287.25,26968.25,28658.5,3341.5,1685.0
311,오산대,37.1692997,127.0631149,9311.75,5644.0,7153.75,8777.75,1208.5,671.75
312,용산,37.530190600000005,126.96514280000001,77522.75,63770.75,89370.75,95241.25,7641.25,1819.0
313,의왕,37.320652200000005,126.9459103,31636.5,13542.5,20308.75,25896.25,3116.0,1761.25
314,지제,37.0188005,127.070454,9154.5,4147.75,7570.25,7883.0,1224.75,767.5
315,직산,36.8707374,127.1439118,2381.75,1332.75,1936.0,1882.25,363.25,140.75
316,진위,37.109775299999995,127.06015330000001,5475.0,1953.75,3486.5,4477.75,465.75,209.25
317,천안,36.8094222,127.1466798,10317.0,13617.25,17111.5,13004.0,2118.0,1013.75
318,평택,36.989916799999996,127.0863693,27689.75,26757.25,36418.5,33005.25,4905.0,1841.0
319,화서,37.282752,126.97614420000001,25005.25,10420.0,15281.0,21169.25,2748.5,1872.0
320,가능,37.7483498,127.0444269,20775.75,13159.75,15176.5,17277.25,2619.25,1945.75
321,광운대,37.6235842,127.0618611,25187.25,17184.0,20948.0,21301.25,3402.75,1999.0
322,녹양,37.7594418,127.04233640000001,14613.75,8635.25,10930.75,12374.0,1907.0,1370.0
323,녹천,37.6446274,127.05139840000001,14391.25,9232.75,10755.5,11765.75,1578.75,1290.25
324,덕계,37.818636100000006,127.05665090000001,9703.0,4415.0,5892.5,6803.5,886.5,577.0
325,덕정,37.843445,127.0615487,18595.5,10683.5,13191.5,14388.5,2162.25,982.75
326,도봉,37.679207700000006,127.04554679999998,17308.0,13747.25,16930.75,14601.75,1873.5,1791.0
327,동두천,37.9278263,127.05478219999999,7260.25,4927.5,5518.0,4775.75,574.0,272.75
328,동두천중앙,37.9018085,127.0565409,9608.25,7736.5,8264.25,6872.25,1128.75,665.5
329,망월사,37.7102001,127.0473858,21327.25,15537.0,18840.25,19690.25,2852.25,1917.75
330,방학,37.6676904,127.04430330000001,28509.75,20376.75,26187.25,25069.75,3144.5,2895.0
331,보산,37.9141529,127.0572513,4328.75,3464.5,4416.25,4165.5,678.75,415.5
332,서빙고,37.519724,126.98967490000001,5945.25,3021.25,5036.0,4275.0,424.0,307.75
333,소요산,37.9490754,127.0611727,4107.75,10572.0,11039.0,2602.75,419.0,244.25
334,신이문,37.6016378,127.0672904,27564.75,16572.25,20974.5,23358.75,2921.75,2459.75
335,양주,37.773960200000005,127.0425933,23913.75,14330.0,17057.25,19756.25,2790.25,1644.75
336,외대앞,37.5953979,127.06304990000001,18064.0,16807.5,22274.75,20475.25,2997.0,1427.25
337,월계,37.633063299999996,127.0588653,18212.0,13773.75,16667.0,16524.0,2075.0,1558.75
338,응봉,37.550275899999995,127.03472790000001,5442.75,3105.5,4199.25,4173.5,530.5,332.75
339,의정부,37.737705600000005,127.046029,47346.5,41080.0,52437.0,52829.25,6955.25,3076.75
340,지행,37.892269,127.0558058,18055.25,13052.25,15683.0,17466.5,2899.75,1146.0
341,한남,37.529445200000005,127.0092424,12304.5,7974.25,11782.0,10186.75,1105.0,507.25
342,회룡,37.7249474,127.0473751,39486.0,25136.5,29850.5,32455.5,4257.25,3767.25
343,가좌,37.5686247,126.9128638,16307.0,9783.5,12935.25,12945.75,1799.25,529.5
344,강매,37.612595899999995,126.8432482,10569.25,4242.0,5496.0,8002.75,1122.25,476.5
345,계양,37.5715085,126.7363875,0.25,0.25,0.0,0.0,0.0,0.0
346,곡산,37.645891999999996,126.79951129999999,1863.0,943.5,1421.75,1407.25,146.25,106.75
347,금릉,37.7512692,126.7634753,13504.25,7838.25,10489.75,11838.25,1757.5,643.25
348,금촌,37.7661102,126.7723263,19351.75,13147.75,16290.5,16134.0,2310.75,752.5
349,능곡,37.618272600000005,126.82163929999999,11769.0,6700.5,8259.5,9330.5,1618.75,534.75
350,문산,37.8544294,126.7878537,14574.75,10081.75,13292.0,12108.75,1796.25,848.25
351,백마,37.6575978,126.7949216,21988.5,9821.75,12465.0,19455.5,2423.75,934.5
352,서강대,37.552171200000004,126.93325630000001,5465.5,4141.0,5537.5,5132.5,765.5,97.75
353,수색,37.580758200000005,126.8955531,8924.75,3813.25,5781.75,6458.0,651.5,265.75
354,야당,37.7127533,126.7593467,17882.5,10009.5,13854.5,16940.0,2650.25,842.25
355,운정,37.725342700000006,126.7670466,20567.5,9445.25,13009.75,16995.5,2193.5,780.5
356,월롱,37.7955532,126.7904133,6622.5,2949.75,5145.25,5874.5,622.75,98.0
357,일산,37.6821159,126.7675945,29776.75,14595.0,19191.75,26583.5,3609.25,1518.0
358,임진강,37.8883503,126.74773870000001,13.0,37.5,116.5,0.0,0.0,0.0
359,탄현,37.6941052,126.7610261,23771.75,11206.0,15235.5,22548.5,3132.5,1127.75
360,파주,37.815057700000004,126.79242830000001,3407.0,2414.75,2895.0,2399.5,302.0,209.25
361,풍산,37.67237679,126.7863228,16217.0,9068.5,11342.0,14871.75,2143.0,686.0
362,행신,37.611993,126.83418870000001,25318.5,11455.75,15631.5,24062.25,3040.0,851.5
363,화전,37.6032316,126.86775870000001,4487.75,3691.5,4643.25,3597.25,544.0,157.0
364,간석,37.4647335,126.69353059999999,17305.0,10666.25,13523.75,15804.25,2565.0,1394.75
365,개봉,37.49463370000001,126.85870530000001,69855.5,38603.75,54070.25,67139.5,7367.25,5558.5
366,구일,37.4965396,126.8704644,20500.5,10317.5,14227.75,18681.5,1939.0,1161.25
367,도원,37.4688261,126.64240090000001,8778.25,7412.25,8696.25,6215.75,882.75,823.25
368,도화,37.4661244,126.66826409999999,12497.5,8123.0,9886.0,9499.5,1489.25,1041.75
369,동암,37.471045700000005,126.7028769,47037.0,29640.0,39811.25,46296.25,6842.0,5754.5
370,동인천,37.475128600000005,126.6330567,38831.0,28712.25,38054.5,35878.75,4434.0,2599.25
371,백운,37.4831229,126.7071115,22144.5,13760.75,17547.75,20234.75,2999.25,2005.5
372,부개,37.4884914,126.7406058,26790.75,15328.25,19555.75,23284.5,3336.0,2861.75
373,부천,37.4841098,126.7827347,90936.0,68059.5,90299.0,102078.5,13007.0,9444.0
374,부평,37.4895722,126.7237815,72339.0,62067.25,87496.5,95095.75,12206.75,7390.5
375,소사,37.4825018,126.79512959999998,29894.25,18699.75,22463.25,25309.75,3638.5,4749.5
376,송내,37.48770379999999,126.75288470000001,94478.25,44255.0,57625.75,85871.0,10006.25,5386.5
377,역곡,37.485218599999996,126.81181129999999,88822.25,46941.25,62559.25,83788.25,10410.25,6955.25
378,오류동,37.4943466,126.8445367,37371.25,22165.75,28344.75,34121.75,4286.25,3186.75
379,인천,37.455999999999996,126.7052,7487.0,7153.0,10332.0,5715.75,647.5,550.75
380,제물포,37.466814899999996,126.6569848,31589.5,18820.5,24138.75,26988.25,4109.25,2005.25
381,주안,37.46521646,126.68066770000001,52438.25,34232.75,46004.75,54687.25,8169.75,3810.0
382,중동,37.48681094,126.76447379999999,29744.75,16524.75,20759.75,25360.25,3514.25,2749.5
383,가평,37.8146834,127.51065120000001,3606.0,3782.75,4323.75,2737.5,379.0,153.25
384,갈매,37.63494163,127.11570090000001,10377.75,4439.75,5930.25,8049.25,1075.75,409.25
385,강촌,37.80607555,127.6339682,727.0,1306.75,1347.0,593.5,76.0,27.5
386,굴봉산,37.1587488,126.94484380000002,228.75,389.75,385.5,122.5,8.25,5.25
387,금곡,37.485218599999996,126.81181129999999,4887.25,3057.75,3773.25,3513.5,452.0,305.0
388,김유정,37.818342200000004,127.7141731,534.75,805.25,956.25,320.25,41.25,10.75
389,남춘천,37.8640321,127.7239567,4377.5,6123.25,7352.5,5225.25,1090.75,367.25
390,대성리,37.6842222,127.3794851,1049.75,1295.0,1577.0,873.25,90.5,47.0
391,마석,37.652888399999995,127.3116847,12130.25,7806.5,9028.25,9971.75,1316.5,365.5
392,백양리,37.83139372,127.58821529999999,304.5,402.25,496.0,249.5,53.25,5.75
393,별내,37.642333,127.12760859999999,8930.75,4706.0,7370.5,6984.0,905.75,464.5
394,사릉,37.64559725,127.1976637,12496.0,5189.75,6953.5,9979.0,1235.25,700.75
395,상천,37.7701656,127.45440090000001,641.5,725.5,893.5,347.75,39.5,23.0
396,천마산,37.65919073,127.285645,5139.0,3486.75,3917.25,4146.0,507.0,297.5
397,청평,37.735535999999996,127.42660049999999,3408.0,4089.25,4419.25,2734.75,350.5,179.0
398,춘천,37.885132500000005,127.71706529999999,2085.75,3099.25,3995.0,2160.0,380.25,150.0
399,퇴계원,37.6482557,127.1435322,12316.25,5909.25,7903.75,9765.75,1444.25,679.75
400,평내호평,37.6531047,127.2444979,18025.0,10504.5,13536.5,16214.0,2464.0,1410.25
401,검암,37.5684289,126.67574029999999,25521.75,9640.0,12908.75,22463.5,3665.75,1524.0
402,공항화물청사,37.4590304,126.47749540000001,12178.75,3035.75,5478.5,7201.25,880.5,229.25
403,영종,37.51236827,126.5243064,7977.25,5519.25,7331.75,7645.5,1657.0,434.25
404,운서,37.4984235,126.4670435,18420.25,11541.0,16109.5,18145.25,3545.0,1271.5
405,인천공항1터미널,37.447078399999995,126.4528439,12888.25,8204.75,12132.25,9819.0,1189.5,739.75
406,인천공항2터미널,37.4689424,126.43347469999999,7565.75,4093.0,6487.0,5145.25,600.0,500.5
407,청라국제도시,37.5564451,126.6246922,22223.75,7563.0,11134.0,20186.25,2896.75,671.25
408,경마공원,37.4437648,127.0078955,4101.25,2472.5,3603.25,2837.0,237.25,113.25
409,과천,37.433109,126.99613290000002,16337.0,9141.25,12962.25,12207.5,1354.75,475.75
410,대공원,37.43581249,127.006573,5365.75,6928.5,7430.5,2922.5,113.0,98.25
411,범계,37.3899129,126.95091000000001,73389.5,44956.75,60529.25,76191.5,7439.75,2126.5
412,선바위,37.4522835,127.00180290000002,27662.75,12060.5,17967.25,23004.5,1924.75,504.0
413,인덕원,37.401686,126.97674040000001,82891.5,35330.0,50985.75,75443.75,7923.75,2186.75
414,정부과천청사,37.4264709,126.98975039999999,32085.0,14025.5,22465.5,26218.75,1827.0,642.0
415,평촌,37.394288,126.96387949999999,64010.0,25708.0,36262.5,52841.25,5505.75,1258.75
416,가천대,37.4486992,127.12672479999999,22676.25,18520.5,23069.0,23099.0,3756.5,1357.25
417,개포동,37.4820281,127.0614706,10777.5,6548.25,9968.5,9517.25,1086.0,365.25
418,구룡,37.4869265,127.05946090000002,5343.0,3135.0,5224.0,3205.5,351.25,178.25
419,구성,37.299009000000005,127.10575370000001,15382.0,7882.75,10710.25,14326.5,2042.5,591.25
420,기흥,37.275513200000006,127.1160129,27033.5,14790.5,20277.25,28781.5,4091.0,1274.5
421,대모산입구,37.491389,127.07274939999999,12366.0,6277.0,10058.25,7252.0,932.0,748.5
422,망포,37.245765000000006,127.05690120000001,45054.5,17985.5,28275.5,43773.75,4865.0,1452.75
423,매교,37.2654788,127.0156874,9082.5,5469.5,7288.25,6707.0,839.75,765.0
424,매탄권선,37.25301339999999,127.0403832,14418.5,7196.75,10277.75,13452.25,1964.75,829.75
425,미금,37.350022499999994,127.10899850000001,40034.75,34277.75,45037.0,41566.75,4931.5,992.5
426,보정,37.31259620000001,127.10834399999999,7233.75,3918.75,5132.75,5191.0,829.75,197.5
427,상갈,37.261691799999994,127.1088952,16312.0,8966.25,11450.25,15387.0,2114.0,616.25
428,서울숲,37.5435916,127.04473970000001,26075.75,12834.0,19605.5,24340.0,2048.5,658.25
429,서현,37.38516676,127.1236567,61354.5,48484.25,67459.5,70857.25,6109.5,1598.25
430,수내,37.3784062,127.11424509999999,36087.75,24309.0,33796.75,37177.25,3574.5,950.5
431,수원시청,37.26165,127.031849,34408.0,23196.25,31387.25,37726.75,4835.75,1149.5
432,신갈,37.2861269,127.11139469999999,13561.75,8117.75,10076.75,11573.5,1733.25,584.5
433,압구정로데오,37.5278128,127.0407094,47624.75,37131.75,48772.0,60272.75,2815.5,432.25
434,야탑,37.411297600000005,127.1287143,75910.5,49715.25,66321.5,73394.0,7721.5,2070.0
435,영통,37.251355700000005,127.0712923,19788.75,15392.5,21462.0,23467.0,3498.5,646.0
436,오리,37.3399397,127.1089098,35461.5,20307.0,26415.25,29393.75,3459.25,1109.25
437,정자,37.366437,127.1083393,46519.75,26350.75,38326.0,49001.75,5934.25,1000.25
438,죽전,37.3245669,127.1074072,35930.75,26796.25,34770.75,44271.75,5545.25,1353.25
439,청명,37.259955700000006,127.0795065,13132.75,6353.25,9059.0,11475.75,1533.5,653.25
440,태평,37.4397089,127.1277447,43671.75,26109.25,35482.0,37988.0,4779.0,3622.75
441,한티,37.4962709,127.05286609999999,37033.75,29159.0,36904.25,41038.25,3951.0,609.25
442,고색,37.249691,126.9804598,11373.0,4161.0,6670.5,10105.25,1198.5,495.75
443,남동인더스파크,37.407751899999994,126.6952345,11477.25,2774.0,5962.0,6456.5,278.25,286.0
444,달월,37.3799789,126.7453575,232.0,146.75,317.75,176.25,12.0,1.25
445,사리,37.2902309,126.8567574,10219.0,6008.0,7494.25,10086.5,1598.5,475.25
446,소래포구,37.4009476,126.73367590000001,11139.5,11702.5,15491.75,10968.25,1746.5,580.5
447,송도,37.42997809,126.65440990000002,7031.0,5317.25,6814.5,5979.0,831.25,436.0
448,숭의,37.460792700000006,126.63823490000001,12607.5,7680.75,10310.5,9058.75,1161.25,817.25
449,신포,37.4682643,126.62481709999999,4629.75,3575.75,5184.75,4298.25,442.0,288.0
450,야목,37.2612175,126.88402190000001,489.25,416.5,507.5,437.75,58.0,27.75
451,어천,37.24996657,126.91111770000002,1507.25,1234.5,1534.0,1665.0,192.75,25.75
452,연수,37.4177947,126.6789669,12639.5,8836.5,11855.5,12238.5,1874.75,699.75
453,오목천,37.24374221,126.96409950000002,6045.5,4437.75,5558.75,5777.25,942.0,92.75
454,원인재,37.4126256,126.68815579999999,12828.75,8976.0,12063.75,12696.0,1835.5,750.5
455,월곶,37.3918155,126.7427645,7239.0,4751.0,6373.0,6660.25,1129.0,356.75
456,인천논현,37.40068660000001,126.7225648,15596.75,11323.75,15303.75,15631.25,1963.0,511.5
457,인하대,37.4482473,126.6497844,16488.5,10882.0,15019.75,15106.5,2093.5,694.5
458,호구포,37.4016902,126.7086388,14634.75,5542.0,9400.5,10836.75,1063.0,476.5
459,고잔,37.3168514,126.8231007,27694.5,15946.75,20134.75,22180.5,3133.5,1282.25
460,대야미,37.3279256,126.9168618,15120.0,8817.0,11844.75,13231.5,1702.75,720.25
461,반월,37.3124221,126.9038361,13540.25,8180.5,10281.5,12102.0,1562.25,890.5
462,산본,37.358073499999996,126.93309640000001,47084.5,30542.75,39033.5,49608.25,5950.5,2311.5
463,상록수,37.302812599999996,126.86677790000002,54595.0,27497.5,35809.5,52740.5,7459.5,3875.0
464,수리산,37.3504199,126.9255584,14461.5,7719.5,8388.25,9981.25,1414.5,857.5
465,신길온천,37.337538200000004,126.7673001,5520.25,2792.0,3929.5,4501.75,612.5,451.75
466,안산,37.3270474,126.7887966,38274.25,21773.5,33728.5,37165.5,3296.25,3078.25
467,오이도,37.3619245,126.7384943,25703.5,15004.25,20575.25,24437.25,3706.0,1391.0
468,정왕,37.351784499999994,126.7429429,28452.0,17283.5,23470.75,23762.75,3051.25,1493.5
469,중앙,37.3160302,126.8385294,45270.0,30704.5,41972.5,51719.25,7115.25,1777.0
470,초지,37.3206177,126.80612079999999,16630.25,7244.25,9571.0,13781.25,1720.75,810.25
471,한대앞,37.3097347,126.85361429999999,25248.5,16612.25,20980.75,24772.5,3755.5,1758.25
472,4.19민주묘지,37.64856935,127.00707790000001,7518.75,7069.75,8212.0,6541.25,823.75,319.5
473,가오리,37.64176287,127.0168207,12547.25,8780.5,10234.5,10765.0,1380.25,540.5
474,북한산보국문,37.6119091,127.0083395,17272.5,11763.5,14674.0,16511.25,2015.25,543.0
475,북한산우이,37.663101399999995,127.01257530000001,7829.75,7899.25,7861.75,4463.5,612.0,376.5
476,삼양,37.62708343,127.01814250000001,6161.75,5250.75,6154.25,5483.0,584.25,279.25
477,삼양사거리,37.621159399999996,127.02047830000001,6934.5,6360.25,7274.0,5865.25,628.25,297.25
478,솔밭공원,37.84077045,127.71327990000002,7217.5,5485.75,6144.25,6131.5,816.5,408.75
479,솔샘,37.6201733,127.0143507,18886.0,9819.25,11943.25,16070.0,1800.25,556.0
480,정릉,37.6018612,127.006184,12492.5,9255.5,11770.0,11953.25,1186.25,482.25
481,화계,37.2164079,126.9956254,10348.75,7713.75,8524.75,8427.25,974.25,535.25
482,대곡,37.63209927,126.81029,5122.25,2789.5,3670.25,3999.5,520.75,173.25
483,대화,37.67611235,126.7477665,41691.5,22088.25,25457.25,29803.0,4468.75,1618.25
484,마두,37.6519975,126.77776370000001,20451.0,16740.5,20055.25,17922.75,2134.5,884.25
485,백석,37.64327671,126.7880415,27742.5,22332.0,28706.75,27788.25,3267.5,1326.5
486,삼송,37.65332532,126.895559,57188.75,32566.75,42886.25,53339.0,5735.0,1867.25
487,원당,37.6530498,126.84289809999999,35126.75,20727.0,26106.0,30247.25,3987.25,2019.5
488,원흥,37.5679487,126.9819991,29279.75,16421.25,21387.5,25720.75,3180.0,1308.0
489,정발산,37.659711200000004,126.7732179,15723.25,15711.75,21402.0,18865.0,1780.5,535.0
490,주엽,37.6701524,126.76123770000001,23556.5,19392.75,22306.0,21458.75,2750.5,1276.25
491,화정,37.63486639,126.83257659999998,46626.5,34958.75,44618.75,47124.0,5745.0,2341.5
492,배방,36.77778060000001,127.0527081,2500.5,1944.0,2843.0,2627.75,584.5,224.0
493,봉명,36.80167475,127.1361403,4022.25,3194.0,3410.25,1806.0,466.0,302.0
494,신창,36.769788500000004,126.95182290000001,2628.75,2888.75,3793.25,2903.75,631.75,172.0
495,쌍용,36.79392381,127.1213348,5247.75,3905.0,5177.25,4660.5,1003.5,455.25
496,아산,36.7920971,127.10445259999999,6556.75,5681.25,7931.75,7735.75,1354.25,259.5
497,온양온천,36.78061632,127.003675,8716.25,10643.75,10864.75,8081.75,1448.75,553.5
498,구리,37.60325170000001,127.1433747,42510.5,25368.75,32003.0,39224.75,4867.25,2312.25
499,국수,37.51643426,127.39950390000001,1725.75,1687.25,1923.0,1329.25,184.5,115.25
500,덕소,37.58741152,127.208547,17159.25,11238.5,13325.25,15374.5,2533.5,1153.75
501,도농,37.6087705,127.1611982,33047.5,15321.5,20410.5,26100.0,3451.5,1811.5
502,도심,37.57986605,127.2227658,8407.5,3759.5,4366.75,5052.5,921.75,416.75
503,망우,37.5996345,127.0918581,22524.25,15245.25,20187.75,20343.0,2559.25,1663.25
504,신원,37.524986,127.37366029999998,467.5,575.25,683.75,297.5,28.25,25.25
505,아신,37.51379577,127.44304939999999,1310.0,1280.75,1508.5,1113.25,196.0,91.75
506,양수,37.54622766,127.32888359999998,4236.75,4277.25,5179.75,3576.75,529.5,177.0
507,양원,37.556025399999996,126.9101277,5511.75,3353.75,4235.0,3144.0,387.0,385.25
508,양정,37.60443048,127.1945162,2536.0,1377.75,2124.75,1693.75,125.0,137.25
509,오빈,37.50615870000001,127.4738918,794.75,666.5,775.25,517.75,102.25,25.0
510,용문,37.48268934,127.5945032,3087.75,5232.25,5859.75,2436.75,461.5,194.75
511,운길산,37.572600200000004,127.29458500000001,1584.5,2142.75,2601.25,1081.75,147.25,58.0
512,원덕,37.46876629999999,127.54686969999999,658.75,822.25,1009.75,471.0,74.0,72.5
513,중랑,37.5949548,127.0763183,17107.0,10572.75,13938.0,15654.75,1849.25,1477.25
514,지평,37.47663789999999,127.6293674,127.5,108.5,125.5,64.75,0.0,0.0
515,팔당,37.547342799999996,127.2439209,2347.0,2456.75,2980.5,2095.75,243.0,57.5
516,회기,37.589333399999994,127.0573033,62102.0,50163.5,64674.25,60807.25,9555.75,3068.5
